{
    "type": "crafting_shaped",
    "result": {
        "item": "minecraft:sculk_sensor",
        "count": 1
    },
    "pattern": [
        "LWL",
        "BEB",
        "DRD"
    ],
    "key": {
        "D": {
            "item": "minecraft:deepslate"
        },
        "R": {
            "item": "minecraft:redstone"
        },
	"L": {
            "item": "minecraft:glow_lichen"
        },
	"W": {
            "item": "minecraft:twisting_vines"
        },
	"B": {
            "item": "minecraft:warped_wart_block"
        },
	"E": {
            "item": "minecraft:ender_pearl"
        }
    }
}
