{
    "parent": "minecraft:recipes/root",
    "criteria": {
        "has_hanging_roots": {
            "trigger": "minecraft:inventory_changed",
            "conditions": {
                "items": [
                    {
                        "item": "minecraft:hanging_roots"
                    }
                ]
            }
        },
        "has_big_dripleaf": {
            "trigger": "minecraft:inventory_changed",
            "conditions": {
                "items": [
                    {
                        "item": "minecraft:big_dripleaf"
                    }
                ]
            }
        },
        "has_glow_berries": {
            "trigger": "minecraft:inventory_changed",
            "conditions": {
                "items": [
                    {
                        "item": "minecraft:glow_berries"
                    }
                ]
            }
        },
        "has_flowering_azalea_leaves": {
            "trigger": "minecraft:inventory_changed",
            "conditions": {
                "items": [
                    {
                        "item": "minecraft:flowering_azalea_leaves"
                    }
                ]
            }
        }
    },
    "requirements": [
        [
            "has_hanging_roots",
			"has_big_dripleaf",
			"has_glow_berries",
			"has_flowering_azalea_leaves"
        ]
    ],
    "rewards": {
        "recipes": [
            "craftable_spore_blossom:spore_blossom"
        ]
    }
}