{
    "parent": "minecraft:recipes/root",
    "criteria": {
        "has_deepslate": {
            "trigger": "minecraft:inventory_changed",
            "conditions": {
                "items": [
                    {
                        "item": "minecraft:deepslate"
                    }
                ]
            }
        },
        "has_redstone": {
            "trigger": "minecraft:inventory_changed",
            "conditions": {
                "items": [
                    {
                        "item": "minecraft:redstone"
                    }
                ]
            }
        },
        "has_glow_lichen": {
            "trigger": "minecraft:inventory_changed",
            "conditions": {
                "items": [
                    {
                        "item": "minecraft:glow_lichen"
                    }
                ]
            }
        },
        "has_twisting_vine": {
            "trigger": "minecraft:inventory_changed",
            "conditions": {
                "items": [
                    {
                        "item": "minecraft:twisting_vine"
                    }
                ]
            }
        },
        "has_warped_wart_block": {
            "trigger": "minecraft:inventory_changed",
            "conditions": {
                "items": [
                    {
                        "item": "minecraft:warped_wart_block"
                    }
                ]
            }
        },
        "has_ender_pearl": {
            "trigger": "minecraft:inventory_changed",
            "conditions": {
                "items": [
                    {
                        "item": "minecraft:ender_pearl"
                    }
                ]
            }
        }
    },
    "requirements": [
        [
            "has_deepslate",
			"has_redstone",
			"has_glow_lichen",
			"has_twisting_vine",
			"has_warped_wart_block",
			"has_ender_pearl"
        ]
    ],
    "rewards": {
        "recipes": [
            "craftable_sculk_sensor:sculk_sensor"
        ]
    }
}